{"cameraMode":{"drawMode":0,"name":"Shaded","section":"Shading Mode"},"sceneLighting":true,"audioPlay":false,"sceneViewState":{"m_AlwaysRefresh":false,"showFog":true,"showSkybox":true,"showFlares":true,"showImageEffects":true,"showParticleSystems":true,"showVisualEffectGraphs":true,"m_FxEnabled":true},"in2DMode":false,"pivot":{"x":-2.846531867980957,"y":28.96177101135254,"z":62.07501220703125},"rotation":{"x":0.018546966835856439,"y":0.9532202482223511,"z":-0.29520171880722048,"w":0.06047211214900017},"size":0.8660253882408142,"orthographic":false}