{"cameraMode":{"drawMode":0,"name":"Shaded","section":"Shading Mode"},"sceneLighting":true,"audioPlay":false,"sceneViewState":{"m_AlwaysRefresh":false,"showFog":true,"showSkybox":true,"showFlares":true,"showImageEffects":true,"showParticleSystems":true,"showVisualEffectGraphs":true,"m_FxEnabled":true},"in2DMode":false,"pivot":{"x":18.850107192993165,"y":1.7440489530563355,"z":1.019711971282959},"rotation":{"x":0.019657140597701074,"y":-0.978659451007843,"z":0.16485056281089784,"w":0.12004586309194565},"size":2.001399517059326,"orthographic":false}